{
  "listen_port": 9090,
  "report_timeout_minute": 15,
  "telegram": {
	"API_TOKEN": "************",
	"CHANNEL_ID": "************"
  },
  "expected_clients": {
    "2": {
      "CLipv4_M": "************",
      "CLname_M": "Germany-Hetzner",
      "tests": {
        "1": "Server-1",
        "2": "Server-2",
        "3": "Server-3"
      }
    },
    "3": {
      "CLipv4_M": "************",
      "CLname_M": "Fanland-Hetzner",
      "tests": {
        "1": "Server-1",
        "2": "Server-2",
        "3": "Server-3"
      }
    },
    "4": {
      "CLipv4_M": "************",
      "CLname_M": "US-Hetzner",
      "tests": {
        "1": "Server-1",
        "2": "Server-2",
        "3": "Server-3"
      }
}	
  }
}
